date,temperature,humidity,pressure,wind_speed,rainfall
2023-01-01,12.5,79,994.9,6.0,0.0
2023-01-02,12.2,78,995.8,5.0,0.0
2023-01-03,10.6,85,996.7,6.6,0.0
2023-01-04,9.7,87,997.1,8.5,0.0
2023-01-05,8.9,89,998.0,8.1,0.0
2023-01-06,8.3,87,998.6,6.7,0.0
2023-01-07,8.2,87,996.6,9.1,0.0
2023-01-08,10.1,88,993.9,9.7,0.0
2023-01-09,11.1,88,994.7,5.4,0.0
2023-01-10,11.5,89,993.7,8.9,0.0
2023-01-11,12.1,86,989.5,7.4,0.0
2023-01-12,14.5,81,987.5,12.8,0.1
2023-01-13,13.9,87,988.2,9.6,18.2
2023-01-14,12.1,76,991.4,13.4,0.0
2023-01-15,9.4,66,990.3,12.6,0.0
2023-01-16,9.0,64,991.4,9.4,0.0
2023-01-17,9.0,64,991.9,10.2,0.0
2023-01-18,9.2,65,993.6,8.6,0.0
2023-01-19,12.2,64,993.8,7.2,0.3
2023-01-20,14.0,70,992.1,10.5,0.0
2023-01-21,13.2,79,991.5,5.5,0.0
2023-01-22,14.1,71,990.6,8.5,0.0
2023-01-23,15.5,64,990.2,6.5,0.0
2023-01-24,16.9,82,989.1,12.0,11.3
2023-01-25,16.4,83,990.6,6.1,1.0
2023-01-26,14.3,77,993.0,12.7,0.0
2023-01-27,12.1,68,992.9,14.6,0.0
2023-01-28,12.5,69,989.9,11.5,0.0
2023-01-29,12.8,84,989.2,9.3,4.2
2023-01-30,13.2,87,992.5,8.5,10.2
2023-01-31,14.1,84,993.5,14.4,0.0
2023-02-01,13.7,75,992.5,16.3,0.0
2023-02-02,14.7,65,991.1,15.8,0.0
2023-02-03,15.0,69,991.0,11.9,0.0
2023-02-04,15.9,66,988.7,13.5,0.0
2023-02-05,17.0,63,987.5,9.7,0.0
2023-02-06,17.6,70,986.7,7.8,0.0
2023-02-07,17.1,70,986.6,12.7,0.0
2023-02-08,15.7,55,988.8,11.2,0.0
2023-02-09,17.3,63,987.3,9.9,0.0
2023-02-10,18.6,72,986.3,9.7,0.0
2023-02-11,18.9,63,988.5,8.9,0.0
2023-02-12,15.8,47,992.5,15.1,0.0
2023-02-13,15.0,35,990.8,22.1,0.0
2023-02-14,16.8,44,990.6,14.5,0.0
2023-02-15,18.3,55,988.1,15.0,0.0
2023-02-16,18.3,71,989.6,7.8,0.0
2023-02-17,19.6,77,990.9,5.9,0.0
2023-02-18,19.0,78,990.2,7.3,0.0
2023-02-19,21.0,70,989.2,5.6,0.0
2023-02-20,22.3,65,986.5,7.2,0.0
2023-02-21,21.9,58,985.8,9.3,0.0
2023-02-22,20.5,63,987.7,8.1,0.0
2023-02-23,20.0,53,988.0,12.2,0.0
2023-02-24,19.8,51,989.7,10.6,0.0
2023-02-25,21.0,54,991.4,7.4,0.0
2023-02-26,22.3,51,993.0,7.3,0.0
2023-02-27,22.2,53,992.6,8.8,0.0
2023-02-28,21.6,49,992.6,8.0,0.0
2023-03-01,21.8,50,993.8,10.1,0.0
2023-03-02,22.1,55,993.8,9.8,0.0
2023-03-03,22.6,56,994.2,11.4,0.0
2023-03-04,22.4,54,994.4,11.5,0.0
2023-03-05,22.4,53,993.3,12.5,0.0
2023-03-06,21.7,50,991.1,11.4,0.0
2023-03-07,21.8,48,990.8,8.7,0.0
2023-03-08,21.3,54,991.8,8.3,0.2
2023-03-09,21.0,62,991.9,8.9,0.5
2023-03-10,22.3,58,991.0,9.3,0.0
2023-03-11,23.2,51,990.6,8.1,0.0
2023-03-12,24.3,49,989.9,7.7,0.0
2023-03-13,24.3,49,988.6,8.4,0.0
2023-03-14,24.2,49,985.8,10.0,0.0
2023-03-15,24.8,43,984.9,7.1,0.0
2023-03-16,24.5,42,985.6,10.4,0.1
2023-03-17,22.9,55,987.3,6.5,1.7
2023-03-18,20.4,75,986.4,8.0,0.3
2023-03-19,19.8,83,984.5,6.6,0.7
2023-03-20,18.7,87,983.4,7.2,24.3
2023-03-21,18.3,84,984.4,7.1,3.2
2023-03-22,19.5,75,985.8,5.9,0.0
2023-03-23,21.5,65,984.6,9.1,0.0
2023-03-24,21.6,69,984.6,9.0,15.8
2023-03-25,21.2,78,987.1,9.6,1.1
2023-03-26,21.8,62,986.7,9.7,0.0
2023-03-27,20.8,62,986.0,10.6,0.0
2023-03-28,21.8,61,985.6,9.6,0.0
2023-03-29,23.3,55,986.1,8.1,0.2
2023-03-30,21.8,70,984.5,9.6,5.7
2023-03-31,19.6,83,984.2,5.8,9.4
2023-04-01,20.1,79,984.9,5.4,0.9
2023-04-02,22.2,69,983.9,8.5,0.0
2023-04-03,23.3,61,982.5,8.2,0.0
2023-04-04,22.2,61,984.7,9.8,0.2
2023-04-05,22.9,50,985.4,10.2,0.0
2023-04-06,23.9,41,987.4,12.0,0.0
2023-04-07,24.3,37,989.2,11.9,0.0
2023-04-08,24.4,34,989.8,10.9,0.0
2023-04-09,26.2,30,989.7,9.5,0.0
2023-04-10,26.4,29,987.9,8.7,0.0
2023-04-11,27.7,28,987.2,13.4,0.0
2023-04-12,29.4,27,986.8,15.9,0.0
2023-04-13,29.5,28,985.1,12.1,0.0
2023-04-14,29.5,27,984.3,10.0,0.0
2023-04-15,30.9,23,983.7,8.2,0.0
2023-04-16,31.3,25,982.9,10.2,0.0
2023-04-17,32.5,25,982.7,9.4,0.0
2023-04-18,32.6,23,983.8,12.9,0.0
2023-04-19,29.8,35,981.8,11.0,0.0
2023-04-20,28.1,44,978.7,8.3,0.0
2023-04-21,28.8,34,979.7,10.2,0.0
2023-04-22,28.6,26,980.6,9.7,0.0
2023-04-23,26.9,27,982.3,11.8,0.0
2023-04-24,26.1,35,985.9,10.3,0.0
2023-04-25,27.1,37,987.1,10.7,0.0
2023-04-26,28.9,32,983.9,8.2,0.0
2023-04-27,29.1,30,983.7,9.6,0.0
2023-04-28,27.9,36,984.5,6.4,0.0
2023-04-29,26.4,49,983.5,7.8,0.6
2023-04-30,24.6,61,982.8,7.4,1.4
2023-05-01,22.1,80,983.0,8.2,5.4
2023-05-02,22.5,81,984.5,10.6,5.4
2023-05-03,22.4,81,985.8,7.0,6.8
2023-05-04,24.2,73,985.2,4.8,0.0
2023-05-05,25.9,59,983.6,8.0,5.4
2023-05-06,27.4,48,981.8,8.6,0.0
2023-05-07,28.9,39,980.7,10.3,0.0
2023-05-08,29.2,40,980.2,12.7,0.0
2023-05-09,29.5,34,982.6,11.8,0.0
2023-05-10,29.7,22,982.2,13.9,0.0
2023-05-11,31.0,22,982.7,8.4,0.0
2023-05-12,33.3,22,981.4,10.1,0.0
2023-05-13,33.3,25,980.6,10.2,0.0
2023-05-14,32.5,28,978.1,11.6,0.0
2023-05-15,33.4,25,977.4,8.7,0.0
2023-05-16,32.4,28,979.5,13.9,0.0
2023-05-17,33.2,26,980.9,13.7,0.0
2023-05-18,31.0,38,984.3,12.3,0.0
2023-05-19,31.6,35,982.0,14.3,0.0
2023-05-20,32.8,28,979.9,12.6,0.0
2023-05-21,34.8,22,980.0,10.3,0.0
2023-05-22,36.1,20,980.7,18.3,0.0
2023-05-23,35.3,28,980.8,18.7,1.0
2023-05-24,30.8,47,980.8,10.2,0.2
2023-05-25,28.2,58,980.8,7.9,0.2
2023-05-26,28.5,55,981.6,5.1,0.0
2023-05-27,27.1,64,981.4,13.0,19.2
2023-05-28,27.4,66,982.1,7.2,0.3
2023-05-29,27.1,70,983.8,7.7,1.2
2023-05-30,27.3,65,983.8,8.0,0.1
2023-05-31,24.9,74,982.8,10.3,2.9
2023-06-01,26.4,65,982.3,7.6,0.4
2023-06-02,27.5,57,981.6,9.6,1.3
2023-06-03,29.2,52,981.5,7.8,0.0
2023-06-04,29.2,58,981.2,10.1,1.6
2023-06-05,30.4,52,979.9,13.1,0.1
2023-06-06,31.4,43,979.5,8.9,0.0
2023-06-07,32.1,37,979.5,11.1,0.0
2023-06-08,32.7,35,978.9,11.1,0.0
2023-06-09,34.2,34,975.9,14.8,0.0
2023-06-10,34.4,38,974.9,13.5,0.0
2023-06-11,33.8,45,975.0,15.1,0.0
2023-06-12,34.9,44,974.6,16.3,0.0
2023-06-13,36.2,35,974.4,21.0,0.0
2023-06-14,35.6,36,975.4,21.2,0.0
2023-06-15,33.2,47,976.8,17.4,0.4
2023-06-16,32.2,51,976.8,13.9,1.2
2023-06-17,32.9,54,976.7,10.6,0.3
2023-06-18,32.1,60,976.6,9.0,4.0
2023-06-19,29.6,71,975.4,9.0,6.6
2023-06-20,30.6,67,975.3,9.2,16.6
2023-06-21,29.3,77,976.4,7.2,20.3
2023-06-22,31.4,72,976.3,7.8,2.7
2023-06-23,30.8,76,976.3,8.4,6.1
2023-06-24,30.9,75,975.6,7.4,10.7
2023-06-25,28.0,86,976.7,6.3,13.6
2023-06-26,28.0,84,977.4,4.9,5.8
2023-06-27,28.7,82,976.7,7.0,8.1
2023-06-28,29.1,81,977.9,8.4,12.2
2023-06-29,28.5,83,977.0,9.6,11.7
2023-06-30,28.8,81,975.7,8.4,12.7
2023-07-01,29.1,78,976.3,10.1,1.9
2023-07-02,30.5,73,977.0,7.1,0.9
2023-07-03,31.1,72,976.5,8.6,4.5
2023-07-04,30.7,74,974.9,9.6,2.5
2023-07-05,29.1,81,975.2,10.8,13.0
2023-07-06,29.0,77,977.0,10.2,4.8
2023-07-07,28.5,83,977.7,8.2,10.0
2023-07-08,27.2,91,977.7,11.2,34.4
2023-07-09,27.0,91,977.0,11.4,29.7
2023-07-10,27.6,90,977.0,6.4,34.1
2023-07-11,28.5,84,976.9,6.6,2.9
2023-07-12,28.5,86,976.6,8.2,9.6
2023-07-13,29.1,82,976.8,8.9,5.2
2023-07-14,28.5,83,977.7,6.1,21.1
2023-07-15,28.6,86,977.3,6.0,17.7
2023-07-16,28.6,85,977.3,5.5,21.9
2023-07-17,29.0,85,976.4,4.7,11.8
2023-07-18,28.2,86,976.3,9.6,13.4
2023-07-19,28.9,86,976.2,9.0,9.3
2023-07-20,29.8,81,976.1,6.0,23.7
2023-07-21,30.9,76,977.5,8.8,4.2
2023-07-22,30.7,76,979.9,13.5,6.0
2023-07-23,30.9,73,979.9,14.6,0.6
2023-07-24,29.9,80,977.9,11.3,7.8
2023-07-25,29.3,82,978.1,9.1,11.8
2023-07-26,27.0,91,979.9,7.8,18.3
2023-07-27,28.5,88,978.8,5.0,11.0
2023-07-28,28.2,87,976.7,5.7,27.0
2023-07-29,27.8,84,975.9,7.0,11.2
2023-07-30,29.0,80,975.4,9.5,2.3
2023-07-31,29.6,78,975.0,12.0,0.8
2023-08-01,30.3,75,974.0,14.7,0.2
2023-08-02,30.2,78,974.5,12.3,1.4
2023-08-03,29.4,82,974.9,12.4,9.6
2023-08-04,28.4,88,977.0,4.9,11.5
2023-08-05,29.4,83,978.2,6.7,4.8
2023-08-06,30.0,74,975.6,13.0,1.9
2023-08-07,30.0,68,973.4,16.2,0.1
2023-08-08,30.3,67,974.7,17.8,0.0
2023-08-09,30.7,65,978.2,14.3,0.0
2023-08-10,29.9,70,979.7,11.8,1.7
2023-08-11,30.6,67,979.5,10.8,1.6
2023-08-12,31.3,56,977.5,16.1,0.0
2023-08-13,31.0,61,975.7,14.7,0.7
2023-08-14,29.7,67,979.3,9.6,0.0
2023-08-15,29.8,74,979.9,5.6,0.1
2023-08-16,30.9,67,979.3,9.4,0.1
2023-08-17,31.8,58,978.8,12.8,0.0
2023-08-18,31.7,60,978.9,10.0,0.1
2023-08-19,30.3,75,979.4,7.9,7.4
2023-08-20,31.8,69,979.7,10.4,0.1
2023-08-21,32.0,70,978.6,7.1,0.8
2023-08-22,30.4,79,976.7,8.3,12.6
2023-08-23,27.7,90,976.2,7.9,15.5
2023-08-24,29.0,73,975.4,11.4,0.0
2023-08-25,30.0,63,975.5,13.4,0.0
2023-08-26,30.4,60,977.3,13.3,0.0
2023-08-27,30.4,56,977.3,16.7,0.1
2023-08-28,29.4,63,977.3,14.3,2.2
2023-08-29,30.4,59,979.4,11.9,0.0
2023-08-30,30.9,57,980.9,11.4,0.0
2023-08-31,31.1,59,981.6,8.8,0.0
2023-09-01,31.9,54,981.3,10.7,0.0
2023-09-02,31.8,51,980.1,13.8,0.0
2023-09-03,31.3,53,979.1,13.3,0.0
2023-09-04,31.3,52,978.6,12.0,0.0
2023-09-05,30.7,67,979.6,8.0,6.1
2023-09-06,30.9,64,980.7,6.6,1.7
2023-09-07,31.9,60,980.0,5.7,0.0
2023-09-08,30.3,68,980.2,9.6,1.3
2023-09-09,27.8,80,979.5,13.8,2.5
2023-09-10,26.1,89,977.5,12.6,35.3
2023-09-11,27.5,81,977.9,10.0,1.0
2023-09-12,28.7,79,978.3,5.4,0.0
2023-09-13,29.7,79,978.5,5.8,7.4
2023-09-14,29.2,82,979.8,9.0,5.5
2023-09-15,28.1,87,980.9,7.4,5.7
2023-09-16,28.3,84,980.0,13.7,7.8
2023-09-17,27.1,87,978.4,16.6,6.5
2023-09-18,27.9,79,979.3,14.8,2.1
2023-09-19,28.6,77,981.7,8.7,0.2
2023-09-20,29.4,76,982.1,5.1,0.9
2023-09-21,28.9,81,981.4,6.8,2.6
2023-09-22,29.4,78,981.5,6.6,0.3
2023-09-23,28.6,82,982.2,6.3,1.4
2023-09-24,27.9,80,981.9,7.6,0.9
2023-09-25,28.6,76,982.2,5.6,0.2
2023-09-26,28.8,73,983.2,6.1,0.2
2023-09-27,27.8,65,983.0,8.7,0.0
2023-09-28,26.6,62,982.5,8.4,0.0
2023-09-29,26.8,61,982.4,7.1,0.0
2023-09-30,27.9,57,982.3,10.7,0.0
2023-10-01,27.4,54,981.8,10.6,0.0
2023-10-02,26.7,43,982.7,11.7,0.0
2023-10-03,26.4,40,983.3,12.4,0.0
2023-10-04,26.3,53,983.5,12.3,0.0
2023-10-05,26.4,52,982.8,11.2,0.0
2023-10-06,27.3,51,981.7,8.6,0.0
2023-10-07,28.3,60,982.9,8.8,0.0
2023-10-08,29.7,58,983.6,9.2,0.0
2023-10-09,29.3,54,984.4,9.8,0.0
2023-10-10,28.4,55,985.3,9.8,2.5
2023-10-11,26.5,57,986.2,10.5,0.0
2023-10-12,25.8,54,987.5,9.0,0.0
2023-10-13,27.5,55,988.1,7.8,0.0
2023-10-14,28.2,52,987.3,8.0,0.0
2023-10-15,27.3,55,985.4,7.0,0.1
2023-10-16,24.3,65,986.9,11.8,9.9
2023-10-17,22.3,72,990.2,7.0,3.3
2023-10-18,22.6,65,990.6,10.6,0.0
2023-10-19,21.9,63,990.3,9.2,0.0
2023-10-20,22.4,65,990.6,7.4,0.0
2023-10-21,22.8,63,991.0,7.0,0.0
2023-10-22,23.3,61,991.4,6.4,0.0
2023-10-23,23.2,64,990.0,8.5,0.0
2023-10-24,23.4,60,989.2,7.9,0.0
2023-10-25,23.2,59,990.0,8.8,0.0
2023-10-26,22.9,58,989.6,9.0,0.0
2023-10-27,22.9,51,988.8,8.3,0.0
2023-10-28,24.4,48,989.1,5.1,0.0
2023-10-29,24.0,56,989.1,5.7,0.0
2023-10-30,23.9,67,989.7,7.1,0.0
2023-10-31,24.1,69,991.1,6.5,0.0
2023-11-01,24.0,66,991.7,6.8,0.0
2023-11-02,24.1,66,990.0,7.4,0.0
2023-11-03,22.5,70,987.8,8.1,1.1
2023-11-04,22.5,66,988.1,7.8,0.0
2023-11-05,22.7,62,989.5,7.4,0.0
2023-11-06,22.2,60,991.0,6.0,0.0
2023-11-07,22.5,64,990.2,7.5,0.0
2023-11-08,22.7,65,989.3,6.9,0.0
2023-11-09,22.7,65,989.2,7.3,0.0
2023-11-10,20.5,76,991.3,9.2,2.9
2023-11-11,19.2,76,993.0,8.2,0.0
2023-11-12,18.8,74,993.1,8.1,0.0
2023-11-13,19.0,73,993.1,6.4,0.0
2023-11-14,18.9,71,992.5,7.7,0.0
2023-11-15,18.5,72,992.2,7.7,0.0
2023-11-16,19.7,69,993.1,5.8,0.0
2023-11-17,20.4,71,992.8,6.0,0.0
2023-11-18,19.9,70,991.3,5.7,0.0
2023-11-19,20.1,66,992.3,5.5,0.0
2023-11-20,19.6,65,992.6,6.7,0.0
2023-11-21,18.8,70,991.5,10.3,0.0
2023-11-22,18.1,65,989.4,11.2,0.0
2023-11-23,18.0,68,989.1,4.9,0.0
2023-11-24,18.5,69,991.0,6.0,0.0
2023-11-25,18.5,68,992.1,6.0,0.0
2023-11-26,19.2,68,992.7,7.8,0.0
2023-11-27,18.5,75,990.6,10.3,4.0
2023-11-28,17.4,88,990.4,5.9,3.2
2023-11-29,18.5,80,990.7,6.3,0.4
2023-11-30,17.8,84,991.7,7.6,1.0
2023-12-01,18.4,81,992.0,6.3,0.1
2023-12-02,18.0,79,992.3,7.1,0.0
2023-12-03,18.0,74,992.6,6.8,0.1
2023-12-04,17.8,73,991.3,7.9,0.0
2023-12-05,16.5,73,990.8,8.4,0.0
2023-12-06,16.4,76,991.4,7.0,0.0
2023-12-07,16.7,77,990.7,8.0,0.0
2023-12-08,16.5,74,990.2,8.6,0.0
2023-12-09,15.9,70,991.1,9.7,0.0
2023-12-10,15.5,68,989.4,11.7,0.0
2023-12-11,15.2,69,990.1,6.2,0.0
2023-12-12,15.6,70,989.3,6.3,0.0
2023-12-13,15.9,67,991.0,6.9,0.0
2023-12-14,14.7,71,991.9,10.3,0.0
2023-12-15,14.2,71,993.1,6.9,0.0
2023-12-16,14.5,67,991.8,7.9,0.0
2023-12-17,15.4,64,992.8,8.3,0.0
2023-12-18,14.3,67,994.4,12.7,0.0
2023-12-19,14.2,64,994.5,13.3,0.0
2023-12-20,13.6,70,994.2,8.8,0.0
2023-12-21,13.9,74,992.5,8.5,0.0
2023-12-22,13.9,76,992.1,5.6,0.0
2023-12-23,16.1,72,994.4,6.3,0.3
2023-12-24,15.8,76,995.7,5.8,0.0
2023-12-25,15.5,78,993.9,8.4,0.0
2023-12-26,15.4,75,993.6,6.4,0.0
2023-12-27,14.3,80,994.7,7.3,0.0
2023-12-28,14.0,85,993.6,7.0,0.0
2023-12-29,13.3,87,994.1,2.9,0.0
2023-12-30,12.5,90,993.0,5.0,0.0
2023-12-31,12.7,84,992.9,4.5,0.0
2024-01-01,10.4,85,993.1,5.5,0.0
2024-01-02,9.1,86,992.5,5.6,0.0
2024-01-03,9.5,89,992.2,5.5,0.0
2024-01-04,11.5,82,992.4,6.1,0.0
2024-01-05,11.7,85,992.6,5.6,0.1
2024-01-06,11.6,82,993.9,5.8,0.0
2024-01-07,11.4,81,994.4,5.0,0.0
2024-01-08,10.9,86,994.1,6.1,0.0
2024-01-09,10.8,86,994.3,8.9,0.0
2024-01-10,9.2,84,993.2,12.9,0.0
2024-01-11,9.3,88,993.6,10.0,0.0
2024-01-12,10.1,86,992.6,9.6,0.0
2024-01-13,10.3,84,991.7,4.6,0.0
2024-01-14,9.7,86,991.9,6.8,0.0
2024-01-15,9.0,85,991.5,7.6,0.0
2024-01-16,8.9,86,989.3,5.5,0.0
2024-01-17,9.9,84,989.4,8.1,0.0
2024-01-18,11.0,86,991.6,3.3,0.0
2024-01-19,10.2,89,992.9,5.2,0.0
2024-01-20,9.6,88,993.4,6.2,0.0
2024-01-21,9.0,89,992.8,9.9,0.0
2024-01-22,9.2,86,993.7,4.5,0.0
2024-01-23,10.4,88,993.0,5.9,0.0
2024-01-24,11.3,84,993.0,6.6,0.0
2024-01-25,10.2,88,995.1,5.7,0.0
2024-01-26,11.4,84,995.5,5.8,0.0
2024-01-27,12.5,77,993.9,11.8,0.0
2024-01-28,13.8,79,992.5,8.1,0.0
2024-01-29,14.5,85,992.4,8.3,0.0
2024-01-30,13.8,89,991.6,6.5,0.0
2024-01-31,14.0,92,990.5,8.2,9.0
2024-02-01,15.4,86,990.7,13.2,30.0
2024-02-02,13.0,84,993.8,9.8,0.0
2024-02-03,14.1,70,992.5,7.9,0.0
2024-02-04,16.0,85,991.0,8.0,7.1
2024-02-05,15.1,83,992.2,8.8,2.1
2024-02-06,12.2,75,994.1,9.8,0.0
2024-02-07,12.5,66,994.8,13.9,0.0
2024-02-08,13.1,64,993.3,19.8,0.0
2024-02-09,13.3,66,993.5,10.7,0.0
2024-02-10,13.1,78,995.7,7.3,0.0
2024-02-11,14.1,75,995.2,7.7,0.0
2024-02-12,14.3,75,994.2,6.7,0.0
2024-02-13,14.9,73,993.4,6.3,0.0
2024-02-14,15.8,74,993.3,8.8,0.0
2024-02-15,15.8,69,994.2,9.5,0.0
2024-02-16,15.7,64,994.4,8.8,0.0
2024-02-17,16.2,61,990.0,11.4,0.0
2024-02-18,18.6,59,987.2,9.8,0.0
2024-02-19,20.3,61,985.5,20.4,0.0
2024-02-20,20.2,66,985.3,10.1,0.2
2024-02-21,18.5,58,985.5,10.0,0.0
2024-02-22,17.4,51,988.1,10.8,0.0
2024-02-23,15.6,48,990.6,10.0,0.0
2024-02-24,16.2,45,990.9,7.1,0.0
2024-02-25,17.3,39,993.0,8.5,0.0
2024-02-26,17.6,46,992.8,7.5,0.0
2024-02-27,18.0,46,992.5,10.3,0.9
2024-02-28,17.3,57,991.1,13.2,0.0
2024-02-29,18.4,56,989.7,11.2,0.0
2024-03-01,20.0,60,988.9,7.4,1.7
2024-03-02,19.8,74,986.2,21.2,6.5
2024-03-03,17.6,70,986.9,9.4,10.4
2024-03-04,15.8,62,991.0,10.2,0.0
2024-03-05,14.7,54,992.1,11.6,0.0
2024-03-06,15.1,56,990.2,10.3,0.0
2024-03-07,17.1,56,989.7,10.0,0.0
2024-03-08,17.9,53,990.5,11.7,0.0
2024-03-09,17.9,50,990.4,11.8,0.0
2024-03-10,19.2,51,990.0,9.0,0.0
2024-03-11,22.3,47,991.0,7.8,0.0
2024-03-12,21.9,47,989.4,11.8,0.0
2024-03-13,21.4,52,986.9,8.4,0.2
2024-03-14,21.6,53,989.4,10.3,0.0
2024-03-15,20.3,43,988.9,12.5,0.0
2024-03-16,19.7,45,990.5,8.6,0.0
2024-03-17,20.5,46,990.1,9.1,0.0
2024-03-18,20.6,48,988.5,8.7,0.0
2024-03-19,21.5,45,988.0,8.7,0.0
2024-03-20,23.2,44,988.4,8.0,0.0
2024-03-21,22.7,55,988.2,12.7,0.0
2024-03-22,24.8,51,985.0,9.4,0.0
2024-03-23,25.7,46,983.8,11.1,0.0
2024-03-24,24.4,45,986.0,13.2,0.1
2024-03-25,25.0,47,987.6,11.9,0.0
2024-03-26,26.0,42,986.7,9.9,0.0
2024-03-27,28.4,41,988.3,8.7,0.0
2024-03-28,29.0,41,985.7,8.9,0.0
2024-03-29,28.2,46,984.8,8.6,0.0
2024-03-30,28.4,39,985.2,12.4,0.0
2024-03-31,27.4,36,986.3,12.1,0.0
2024-04-01,24.9,38,984.5,13.8,0.0
2024-04-02,25.3,33,983.2,12.7,0.0
2024-04-03,28.3,24,984.0,7.7,0.0
2024-04-04,29.2,26,984.0,10.9,0.0
2024-04-05,28.2,24,983.7,15.0,0.0
2024-04-06,27.3,21,983.6,12.1,0.0
2024-04-07,26.9,21,983.5,11.7,0.0
2024-04-08,28.0,20,984.6,10.0,0.0
2024-04-09,29.0,18,985.2,8.2,0.0
2024-04-10,28.9,21,985.2,8.0,0.0
2024-04-11,30.0,21,986.2,7.8,0.0
2024-04-12,30.5,21,985.4,8.0,0.0
2024-04-13,30.8,27,984.8,11.7,1.2
2024-04-14,27.5,45,987.2,10.0,0.5
2024-04-15,28.8,48,986.5,8.5,1.3
2024-04-16,29.8,36,985.5,15.3,0.0
2024-04-17,29.3,27,984.2,19.4,0.0
2024-04-18,30.9,24,982.7,11.2,0.0
2024-04-19,31.7,29,980.5,11.8,0.0
2024-04-20,30.0,28,980.0,14.8,0.0
2024-04-21,30.1,27,981.5,12.1,0.0
2024-04-22,31.1,25,982.1,13.3,0.0
2024-04-23,30.0,26,981.6,9.8,0.0
2024-04-24,29.8,28,981.7,11.8,0.0
2024-04-25,30.0,24,981.9,11.6,0.0
2024-04-26,32.2,23,980.8,10.6,0.0
2024-04-27,32.0,27,981.4,15.5,0.0
2024-04-28,30.6,28,982.6,9.8,0.0
2024-04-29,30.8,26,981.9,11.7,0.0
2024-04-30,29.7,25,980.9,12.8,0.0
2024-05-01,26.9,22,979.2,16.5,0.0
2024-05-02,27.6,26,980.3,13.3,0.0
2024-05-03,30.2,22,981.0,13.6,0.0
2024-05-04,33.0,19,980.9,11.3,0.0
2024-05-05,33.3,20,977.3,12.3,0.0
2024-05-06,33.8,22,979.2,13.5,0.0
2024-05-07,34.0,25,980.8,9.0,0.0
2024-05-08,32.7,39,981.3,13.6,0.0
2024-05-09,32.5,37,980.7,14.0,0.0
2024-05-10,32.1,43,981.5,11.3,1.1
2024-05-11,31.9,42,983.2,9.1,0.1
2024-05-12,32.3,38,983.3,10.3,0.1
2024-05-13,33.0,29,983.5,8.9,0.0
2024-05-14,32.8,21,983.8,10.5,0.0
2024-05-15,34.2,19,983.4,10.1,0.0
2024-05-16,34.5,18,982.8,9.0,0.0
2024-05-17,36.3,18,980.0,10.5,0.0
2024-05-18,37.0,19,977.5,12.5,0.0
2024-05-19,36.7,17,976.0,12.6,0.0
2024-05-20,36.4,19,976.8,11.7,0.0
2024-05-21,35.2,28,977.5,10.0,0.0
2024-05-22,35.2,36,978.0,14.8,0.3
2024-05-23,35.7,36,977.3,14.1,0.0
2024-05-24,35.6,36,977.3,12.6,0.0
2024-05-25,37.4,27,975.4,12.5,0.0
2024-05-26,38.1,17,973.6,12.4,0.0
2024-05-27,38.2,18,971.1,11.3,0.0
2024-05-28,37.3,14,969.3,9.0,0.0
2024-05-29,38.6,18,970.5,10.9,0.0
2024-05-30,39.2,16,973.7,15.8,0.0
2024-05-31,37.6,12,975.3,12.9,0.0
2024-06-01,37.4,17,976.8,15.6,0.0
2024-06-02,36.4,25,978.3,11.1,0.0
2024-06-03,36.9,25,977.1,14.3,0.0
2024-06-04,36.9,19,976.7,11.8,0.0
2024-06-05,36.6,23,977.8,16.1,0.0
2024-06-06,35.0,28,980.0,12.3,0.0
2024-06-07,35.2,30,977.9,15.0,0.0
2024-06-08,34.7,27,977.0,15.4,0.0
2024-06-09,35.1,23,976.7,13.4,0.0
2024-06-10,36.0,18,976.8,13.5,0.0
2024-06-11,36.3,19,976.3,11.3,0.0
2024-06-12,36.9,17,975.9,11.9,0.0
2024-06-13,37.6,20,974.9,18.1,0.0
2024-06-14,37.5,28,974.6,22.3,0.0
2024-06-15,37.7,27,974.7,19.4,0.0
2024-06-16,38.4,25,975.0,18.0,0.0
2024-06-17,38.9,25,974.9,19.3,0.0
2024-06-18,38.9,25,972.9,20.1,0.0
2024-06-19,37.0,35,971.4,18.7,0.8
2024-06-20,34.0,45,973.2,8.2,4.9
2024-06-21,32.5,53,975.3,9.6,2.1
2024-06-22,33.7,51,975.2,7.5,0.0
2024-06-23,34.5,51,975.8,10.2,0.3
2024-06-24,34.1,54,974.6,8.0,1.7
2024-06-25,32.9,62,973.7,8.0,4.0
2024-06-26,31.0,73,974.3,10.9,23.3
2024-06-27,28.3,84,976.8,13.5,11.5
2024-06-28,27.8,85,976.0,8.6,20.9
2024-06-29,29.3,80,974.5,7.1,18.9
2024-06-30,30.7,74,973.8,6.4,11.9
2024-07-01,30.1,79,971.6,7.1,11.5
2024-07-02,29.3,84,970.7,7.6,14.1
2024-07-03,29.3,83,973.1,8.4,2.5
2024-07-04,28.0,83,975.3,7.8,7.3
2024-07-05,27.8,85,972.5,9.6,0.7
2024-07-06,28.6,80,971.3,9.0,1.0
2024-07-07,28.6,76,974.4,6.8,0.1
2024-07-08,28.9,76,977.4,7.6,0.0
2024-07-09,29.5,80,978.4,6.5,4.9
2024-07-10,30.4,79,978.2,6.2,11.3
2024-07-11,31.2,76,974.1,9.2,3.9
2024-07-12,30.3,74,972.4,9.2,0.5
2024-07-13,29.9,77,973.2,5.5,12.4
2024-07-14,31.1,72,973.1,4.7,0.3
2024-07-15,30.2,76,975.8,11.3,3.0
2024-07-16,30.7,77,976.4,10.7,17.0
2024-07-17,31.2,75,976.2,10.6,0.2
2024-07-18,31.2,76,974.9,7.6,2.0
2024-07-19,30.5,77,973.8,7.7,0.9
2024-07-20,31.0,75,974.5,8.3,0.2
2024-07-21,31.1,78,974.5,9.7,1.9
2024-07-22,30.9,78,974.7,8.4,5.0
2024-07-23,30.4,80,973.7,5.6,4.3
2024-07-24,29.5,82,970.5,5.2,6.9
2024-07-25,30.8,76,969.6,4.7,0.6
2024-07-26,29.9,81,971.4,6.7,10.2
2024-07-27,30.5,81,973.5,5.8,4.5
2024-07-28,31.4,77,973.7,9.1,6.0
2024-07-29,31.8,73,973.8,11.9,0.3
2024-07-30,32.8,70,975.0,10.9,0.1
2024-07-31,31.0,78,975.0,7.2,116.0
2024-08-01,28.2,85,974.7,6.5,34.7
2024-08-02,28.4,83,973.6,11.1,3.0
2024-08-03,28.9,82,975.3,13.5,1.9
2024-08-04,29.7,74,976.8,17.3,0.1
2024-08-05,29.0,76,976.4,22.0,1.2
2024-08-06,29.0,76,975.4,11.3,0.1
2024-08-07,27.3,86,976.5,7.1,16.4
2024-08-08,27.6,87,977.9,7.5,10.8
2024-08-09,27.8,87,979.0,6.0,30.8
2024-08-10,27.6,87,978.0,5.6,16.7
2024-08-11,27.3,89,976.7,6.3,11.4
2024-08-12,26.7,91,977.7,7.6,10.9
2024-08-13,27.3,90,978.8,9.0,9.1
2024-08-14,28.0,89,979.2,6.8,7.8
2024-08-15,28.4,87,978.1,9.5,10.9
2024-08-16,27.8,88,977.5,10.9,15.0
2024-08-17,28.5,86,979.8,5.8,7.7
2024-08-18,29.1,83,980.6,8.7,2.3
2024-08-19,29.0,82,979.6,7.6,1.6
2024-08-20,28.2,85,979.7,5.0,4.3
2024-08-21,28.4,86,980.8,4.4,5.4
2024-08-22,28.2,86,979.8,4.9,7.0
2024-08-23,27.4,86,980.3,5.3,0.9
2024-08-24,28.3,84,979.8,6.0,8.8
2024-08-25,28.8,79,977.6,16.5,15.2
2024-08-26,28.2,83,977.5,15.4,3.8
2024-08-27,27.2,85,979.5,17.3,11.1
2024-08-28,26.8,87,979.4,10.2,7.9
2024-08-29,26.9,87,979.4,10.4,19.5
2024-08-30,27.5,88,981.4,5.7,7.5
2024-08-31,29.2,79,980.8,8.4,0.0
2024-09-01,29.6,76,980.4,8.1,0.1
2024-09-02,28.0,84,981.2,10.3,11.7
2024-09-03,27.4,87,981.6,8.6,17.8
2024-09-04,27.2,87,979.5,5.9,0.9
2024-09-05,27.5,84,977.6,3.5,2.9
2024-09-06,26.5,89,979.2,7.1,14.7
2024-09-07,26.8,88,980.3,5.0,23.6
2024-09-08,27.6,87,979.9,5.2,14.1
2024-09-09,28.4,82,977.9,6.2,3.4
2024-09-10,27.2,89,977.4,3.6,11.8
2024-09-11,27.5,89,977.0,7.3,26.7
2024-09-12,25.4,91,975.3,16.9,100.8
2024-09-13,25.4,89,976.3,13.9,54.7
2024-09-14,26.0,84,978.7,10.1,4.7
2024-09-15,26.4,79,979.2,11.2,0.1
2024-09-16,27.2,73,980.6,12.0,0.0
2024-09-17,27.6,74,982.0,7.1,0.0
2024-09-18,24.9,86,980.9,10.7,62.7
2024-09-19,26.2,85,980.8,11.3,3.7
2024-09-20,27.2,80,981.1,6.7,0.0
2024-09-21,27.9,79,982.3,4.7,0.2
2024-09-22,29.0,77,981.7,5.7,0.0
2024-09-23,28.9,78,981.1,6.7,0.0
2024-09-24,29.3,77,980.1,3.8,0.0
2024-09-25,29.0,81,980.4,10.6,0.4
2024-09-26,27.9,82,980.4,10.7,0.4
2024-09-27,27.3,80,980.1,10.5,0.8
2024-09-28,26.3,81,981.9,7.9,0.0
2024-09-29,26.4,83,984.5,6.8,0.3
2024-09-30,27.7,77,983.6,8.5,0.0
2024-10-01,28.3,76,980.9,8.6,0.0
2024-10-02,28.9,73,980.3,9.3,0.0
2024-10-03,28.6,66,979.8,10.5,0.0
2024-10-04,28.3,68,981.0,8.8,0.0
2024-10-05,28.4,66,983.1,10.0,0.0
2024-10-06,27.8,65,986.3,9.0,0.0
2024-10-07,26.7,71,988.3,6.8,0.0
2024-10-08,27.0,70,987.7,7.1,0.0
2024-10-09,26.5,65,985.8,7.3,0.0
2024-10-10,26.1,60,985.0,9.6,0.0
2024-10-11,25.0,56,985.1,9.2,0.0
2024-10-12,25.3,61,985.7,8.0,0.0
2024-10-13,26.0,57,986.6,6.4,0.0
2024-10-14,25.7,55,987.1,6.3,0.0
2024-10-15,25.2,57,986.2,9.1,0.0
2024-10-16,25.7,57,985.2,6.7,0.0
2024-10-17,26.3,63,985.8,6.1,0.0
2024-10-18,26.1,65,985.7,6.3,0.0
2024-10-19,26.8,63,986.0,5.8,0.0
2024-10-20,26.5,68,987.3,6.8,0.0
2024-10-21,25.6,70,987.9,6.5,0.0
2024-10-22,25.6,67,988.8,7.2,0.0
2024-10-23,26.1,61,988.2,10.0,0.0
2024-10-24,25.5,59,986.9,10.9,0.0
2024-10-25,25.0,61,986.1,10.4,0.0
2024-10-26,24.6,66,986.1,8.8,0.0
2024-10-27,25.2,74,985.3,6.6,0.0
2024-10-28,25.7,71,984.1,7.5,0.0
2024-10-29,26.4,70,984.5,6.6,0.0
2024-10-30,27.0,65,985.2,7.6,0.0
2024-10-31,26.1,63,986.8,11.0,0.0
2024-11-01,24.9,53,987.6,11.9,0.0
2024-11-02,24.4,54,988.7,7.1,0.0
2024-11-03,24.4,54,989.6,6.6,0.0
2024-11-04,23.7,62,988.2,6.7,0.0
2024-11-05,23.4,71,990.1,6.4,0.0
2024-11-06,23.9,67,990.4,5.6,0.0
2024-11-07,24.2,67,989.6,5.7,0.0
2024-11-08,24.6,66,989.4,5.4,0.0
2024-11-09,24.5,68,989.6,7.8,0.0
2024-11-10,24.3,69,989.5,6.5,0.0
2024-11-11,23.9,74,989.4,6.1,0.0
2024-11-12,24.9,60,989.0,7.4,0.0
2024-11-13,24.1,56,988.1,5.5,0.0
2024-11-14,24.1,55,990.1,3.3,0.0
2024-11-15,23.7,51,989.5,6.0,0.0
2024-11-16,23.3,55,988.6,5.5,0.0
2024-11-17,22.9,58,989.1,4.9,0.0
2024-11-18,20.8,60,990.7,5.4,0.0
2024-11-19,20.1,51,991.7,5.8,0.0
2024-11-20,19.8,50,990.6,5.5,0.0
2024-11-21,19.7,51,990.1,5.4,0.0
2024-11-22,20.3,54,989.9,4.6,0.0
2024-11-23,20.9,51,990.4,4.2,0.0
2024-11-24,21.4,48,990.2,7.4,0.0
2024-11-25,20.6,57,990.2,7.7,0.0
2024-11-26,19.7,56,990.4,6.5,0.0
2024-11-27,19.8,49,989.9,4.3,0.0
2024-11-28,19.4,50,991.4,3.4,0.0
2024-11-29,18.9,59,992.1,2.4,0.0
2024-11-30,18.9,60,990.2,4.3,0.0
2024-12-01,19.4,61,988.5,4.8,0.0
2024-12-02,19.5,58,988.7,4.9,0.0
2024-12-03,20.1,56,990.8,6.6,0.0
2024-12-04,20.1,50,989.9,9.8,0.0
2024-12-05,17.8,45,989.4,8.2,0.0
2024-12-06,17.5,47,988.3,7.2,0.0
2024-12-07,16.9,44,987.9,3.4,0.0
2024-12-08,16.1,56,987.7,8.2,1.5
2024-12-09,15.3,65,990.0,4.3,0.0
2024-12-10,14.5,53,992.0,8.3,0.0
2024-12-11,13.9,47,991.7,8.0,0.0
2024-12-12,14.2,52,991.1,7.5,0.0
2024-12-13,14.8,48,992.3,11.9,0.0
2024-12-14,14.6,44,992.5,9.6,0.0
2024-12-15,14.3,51,993.8,4.4,0.0
2024-12-16,14.2,67,992.1,3.4,0.0
2024-12-17,14.2,74,990.7,2.8,0.0
2024-12-18,14.0,69,990.2,4.2,0.0
2024-12-19,14.5,62,990.3,4.4,0.0
2024-12-20,16.2,62,990.1,4.1,0.0
2024-12-21,15.5,65,990.6,4.9,0.0
2024-12-22,16.3,60,990.4,3.3,0.0
2024-12-23,14.5,68,990.4,6.7,1.4
2024-12-24,14.7,77,991.7,5.3,0.5
2024-12-25,15.1,78,993.5,5.2,0.0
2024-12-26,16.1,68,995.2,3.1,0.0
2024-12-27,15.1,84,993.7,7.6,29.9
2024-12-28,14.9,89,993.3,5.4,4.6
2024-12-29,13.7,86,995.0,8.1,0.0
2024-12-30,12.7,87,994.2,7.6,0.0
2024-12-31,11.3,89,995.2,3.5,0.0
2025-01-01,11.1,89,993.4,5.8,0.0
2025-01-02,12.4,85,992.6,6.7,0.0
2025-01-03,12.8,86,992.4,4.2,0.0
2025-01-04,13.5,89,990.3,4.2,0.0
2025-01-05,12.4,90,990.4,6.4,0.0
2025-01-06,13.0,89,991.5,4.9,4.9
2025-01-07,13.0,88,992.1,9.9,0.0
2025-01-08,12.7,75,990.3,8.8,0.0
2025-01-09,12.8,77,992.6,2.7,0.0
2025-01-10,12.1,85,994.2,4.5,0.0
2025-01-11,12.2,88,992.9,6.8,3.9
2025-01-12,13.2,87,993.5,4.3,0.1
2025-01-13,13.4,86,993.2,6.8,0.0
2025-01-14,13.2,83,993.5,4.7,0.0
2025-01-15,13.0,87,994.4,3.4,2.9
2025-01-16,13.9,84,995.4,4.3,0.7
2025-01-17,13.2,81,994.8,6.8,0.0
2025-01-18,12.3,86,993.0,4.2,0.0
2025-01-19,14.6,86,991.7,3.2,0.0
2025-01-20,16.3,83,990.0,7.5,0.0
2025-01-21,16.0,78,988.8,7.4,0.0
2025-01-22,16.2,75,988.4,4.7,0.0
2025-01-23,16.3,71,990.0,7.1,1.6
2025-01-24,14.9,67,990.2,9.1,0.0
2025-01-25,14.2,63,989.8,9.1,0.0
2025-01-26,14.1,62,989.4,7.2,0.0
2025-01-27,14.4,62,988.2,7.0,0.0
2025-01-28,15.3,58,987.8,5.5,0.0
2025-01-29,16.6,63,989.2,7.2,0.0
2025-01-30,17.7,66,986.2,5.8,0.0
2025-01-31,18.8,65,985.8,4.2,0.0
2025-02-01,19.1,63,988.0,6.5,0.0
2025-02-02,17.9,70,990.3,7.1,0.0
2025-02-03,16.4,66,989.5,5.1,1.7
2025-02-04,17.6,70,989.5,3.7,0.7
2025-02-05,16.2,68,990.4,7.1,0.3
2025-02-06,15.9,51,991.9,11.9,0.0
2025-02-07,15.3,52,991.6,12.8,0.0
2025-02-08,16.7,52,990.4,10.0,0.0
2025-02-09,17.8,59,989.5,5.2,0.0
2025-02-10,19.2,59,988.9,4.4,0.0
2025-02-11,20.3,60,988.3,4.3,0.0
2025-02-12,19.2,51,989.4,10.2,0.0
2025-02-13,18.3,47,989.8,12.6,0.0
2025-02-14,18.5,42,988.0,10.1,0.0
2025-02-15,19.9,46,985.9,5.5,0.0
2025-02-16,20.4,52,987.5,4.1,0.0
2025-02-17,21.7,52,990.2,2.6,0.0
2025-02-18,20.9,53,989.8,5.5,0.0
2025-02-19,20.6,51,988.1,5.6,1.0
2025-02-20,19.0,69,988.9,11.7,7.1
2025-02-21,19.0,71,991.8,5.8,0.4
2025-02-22,18.3,66,991.6,8.3,0.0
2025-02-23,18.9,62,992.5,5.6,0.0
2025-02-24,20.1,57,993.4,5.3,0.0
2025-02-25,21.4,54,993.6,4.2,0.0
2025-02-26,23.7,55,993.3,4.7,0.0
2025-02-27,21.1,70,990.7,8.5,1.0
2025-02-28,20.0,73,987.3,9.5,3.3
2025-03-01,19.5,81,988.4,7.4,7.7
2025-03-02,19.1,67,987.6,7.4,0.0
2025-03-03,19.8,59,986.6,5.3,0.0
2025-03-04,19.8,60,988.1,10.9,0.0
2025-03-05,17.8,45,989.2,17.6,0.0
2025-03-06,19.6,41,987.2,10.1,0.0
2025-03-07,20.9,44,985.7,5.2,0.0
2025-03-08,22.4,43,984.3,6.8,0.0
2025-03-09,24.7,43,987.5,6.2,0.0
2025-03-10,25.2,46,990.7,8.5,0.0
2025-03-11,26.9,46,988.5,3.9,0.0
2025-03-12,26.4,50,984.7,7.6,0.0
2025-03-13,25.2,53,983.1,5.6,5.9
2025-03-14,25.7,51,984.1,6.0,0.0
2025-03-15,24.1,55,985.8,9.1,0.5
2025-03-16,23.7,48,987.2,7.4,0.1
2025-03-17,23.1,44,988.1,8.1,0.0
2025-03-18,23.6,43,987.9,8.0,0.0
2025-03-19,25.2,37,988.7,6.3,0.0
2025-03-20,26.2,32,989.9,6.4,0.0
2025-03-21,25.4,32,989.4,8.9,0.0
2025-03-22,25.2,33,988.2,8.2,0.0
2025-03-23,26.0,34,989.8,5.1,0.0
2025-03-24,27.2,32,989.1,4.9,0.0
2025-03-25,28.7,32,985.2,6.1,0.0
2025-03-26,30.0,29,982.3,5.3,0.0
2025-03-27,30.1,27,982.1,6.4,0.0
2025-03-28,26.1,25,984.7,12.1,0.0
2025-03-29,23.0,22,985.4,13.1,0.0
2025-03-30,24.8,22,985.9,9.9,0.0
2025-03-31,26.2,21,986.1,8.5,0.0
2025-04-01,26.5,21,985.1,8.1,0.0
2025-04-02,27.7,22,985.9,5.4,0.0
2025-04-03,29.6,19,986.6,4.6,0.0
2025-04-04,30.1,18,986.2,7.2,0.0
2025-04-05,29.0,22,984.3,8.5,0.0
2025-04-06,30.5,22,982.5,5.8,0.0
2025-04-07,32.5,22,983.7,4.9,0.0
2025-04-08,32.8,22,985.7,6.5,0.0
2025-04-09,33.5,25,983.6,6.9,0.0
2025-04-10,31.5,33,979.5,7.1,1.4
2025-04-11,26.3,60,979.1,11.6,8.1
2025-04-12,26.2,57,982.1,5.0,1.1
2025-04-13,28.3,47,983.8,3.4,0.0
2025-04-14,29.3,42,984.0,6.4,0.0
2025-04-15,30.8,37,984.4,7.3,0.0
2025-04-16,32.2,34,982.8,6.4,0.0
2025-04-17,33.3,32,980.2,8.1,0.0
2025-04-18,32.9,40,978.8,7.9,0.0
2025-04-19,32.6,41,979.1,11.9,0.0
2025-04-20,33.1,37,979.5,9.5,0.0
2025-04-21,33.8,23,982.2,6.8,0.0
2025-04-22,32.6,10,983.6,8.8,0.0
2025-04-23,32.2,11,981.4,8.5,0.0
2025-04-24,32.8,11,979.1,7.0,0.0
2025-04-25,33.8,13,980.0,6.7,0.0
2025-04-26,34.3,13,980.0,8.1,0.0
2025-04-27,34.5,14,981.2,5.0,0.0
2025-04-28,33.0,20,979.9,7.8,0.0
2025-04-29,31.3,35,980.9,10.5,0.0
2025-04-30,31.5,37,982.5,9.1,0.0
2025-05-01,31.8,36,983.4,10.1,0.0
2025-05-02,26.2,65,984.6,8.4,12.4
2025-05-03,28.3,54,981.9,5.3,3.4
2025-05-04,29.9,49,980.1,5.0,2.0
2025-05-05,28.5,58,981.2,8.3,0.1
2025-05-06,27.3,62,981.3,7.5,0.4
2025-05-07,27.8,62,980.8,7.4,0.5
2025-05-08,28.3,61,981.1,5.9,2.7
2025-05-09,30.7,49,982.1,5.6,1.1
2025-05-10,30.9,52,981.7,4.5,1.5
2025-05-11,31.7,49,980.1,5.6,0.0
2025-05-12,33.0,35,979.0,6.5,0.0
2025-05-13,34.7,24,979.0,10.0,0.0
2025-05-14,35.3,21,979.1,9.0,0.0
2025-05-15,36.2,21,979.0,6.7,0.0
2025-05-16,35.8,24,978.2,10.0,0.0
2025-05-17,35.7,28,977.7,9.9,0.0
2025-05-18,35.2,31,977.7,9.6,0.0
2025-05-19,34.5,45,977.8,8.7,0.0
2025-05-20,34.9,45,976.2,9.6,0.0
2025-05-21,34.8,45,976.7,9.9,0.0
2025-05-22,31.4,55,977.6,11.0,0.0
2025-05-23,32.3,52,976.0,11.7,1.5
2025-05-24,33.4,48,976.4,12.8,0.4
2025-05-25,28.4,66,979.2,8.5,0.4
2025-05-26,29.8,65,978.0,7.5,1.8
2025-05-27,31.2,62,975.6,5.4,0.0
2025-05-28,33.2,55,974.2,5.4,0.0
2025-05-29,33.6,52,972.2,5.8,0.3
2025-05-30,31.6,49,971.6,5.5,0.0
2025-05-31,31.9,48,973.5,6.4,1.0
2025-06-01,31.0,48,974.6,9.7,4.2
2025-06-02,30.9,48,974.7,5.7,0.3
2025-06-03,30.2,46,976.8,5.9,0.0
2025-06-04,28.8,55,979.6,5.6,0.3
2025-06-05,30.9,46,982.2,4.0,0.0
2025-06-06,32.7,40,981.4,5.5,0.0
2025-06-07,34.7,37,979.7,6.9,0.0
2025-06-08,36.6,35,978.0,7.3,0.0
2025-06-09,37.5,29,976.3,9.6,0.0
2025-06-10,37.4,22,975.7,9.1,0.0
2025-06-11,37.1,32,976.1,7.9,0.0
2025-06-12,36.8,45,976.1,7.7,0.5
2025-06-13,36.0,48,976.8,9.3,0.0
2025-06-14,36.2,47,975.0,7.1,0.3
2025-06-15,33.8,53,973.9,8.1,1.3
2025-06-16,29.4,81,974.7,6.1,25.6
2025-06-17,29.1,82,975.2,6.0,16.9
2025-06-18,28.9,79,973.9,4.6,5.3
2025-06-19,29.7,77,972.5,6.2,0.1
2025-06-20,28.7,84,974.9,7.8,1.2
2025-06-21,30.4,77,975.6,4.9,1.6
2025-06-22,31.0,74,974.8,5.1,0.8
2025-06-23,31.5,74,972.9,5.1,0.1
2025-06-24,31.2,75,972.2,4.7,1.1
2025-06-25,29.1,84,975.0,9.1,12.9
2025-06-26,30.6,76,976.7,8.6,11.5
2025-06-27,30.7,75,975.9,6.9,0.5
2025-06-28,30.8,74,974.7,4.6,8.3
2025-06-29,29.5,79,972.5,5.9,16.2
2025-06-30,27.8,87,973.6,5.1,17.3
2025-07-01,28.7,84,974.5,4.9,9.1
2025-07-02,29.9,81,974.4,6.2,1.1
2025-07-03,30.1,78,975.0,7.2,0.9
2025-07-04,30.3,78,975.2,5.1,0.3
2025-07-05,30.9,77,974.1,4.0,3.4
2025-07-06,31.0,74,973.8,4.2,7.4
2025-07-07,29.0,83,974.7,3.4,13.5
2025-07-08,30.9,76,974.7,4.8,0.0
2025-07-09,29.2,82,975.9,3.7,14.9
2025-07-10,27.5,85,977.9,4.0,3.6
2025-07-11,28.4,83,977.4,2.2,0.4
2025-07-12,29.3,80,977.1,2.6,2.7
2025-07-13,28.2,87,977.0,5.0,18.6
2025-07-14,28.0,85,975.1,12.8,17.6
2025-07-15,28.0,84,974.6,13.4,7.3
2025-07-16,28.7,83,976.1,8.1,8.2
2025-07-17,28.5,82,978.2,7.8,1.4
2025-07-18,28.5,80,976.6,12.8,4.1
2025-07-19,29.0,77,974.5,10.8,0.0
2025-07-20,30.1,73,974.6,5.7,0.0
2025-07-21,28.9,78,976.9,4.2,0.4
2025-07-22,30.1,74,975.5,3.9,0.2
2025-07-23,29.8,78,972.8,5.9,1.2
2025-07-24,30.7,72,971.7,7.1,1.5
2025-07-25,31.8,68,971.4,6.3,0.5
2025-07-26,31.0,73,972.6,4.8,2.3
2025-07-27,32.1,68,972.6,6.7,0.9
2025-07-28,32.1,67,972.7,4.7,1.6
2025-07-29,29.2,82,973.5,5.0,3.8
2025-07-30,27.9,88,974.3,7.8,15.3
2025-07-31,27.7,88,975.0,5.9,29.2
2025-08-01,28.3,85,975.9,4.4,7.5
2025-08-02,29.1,79,976.2,6.7,0.9
2025-08-03,29.7,77,977.3,7.7,0.7
2025-08-04,28.6,82,978.7,7.5,0.1
2025-08-05,27.9,84,978.9,6.9,8.3
2025-08-06,28.7,80,979.4,5.6,0.5
2025-08-07,29.9,72,978.0,8.5,0.0
2025-08-08,29.9,70,979.1,7.4,0.0
2025-08-09,27.8,84,981.2,4.3,8.9
2025-08-10,28.9,83,979.9,3.2,1.7
2025-08-11,29.8,78,978.5,7.3,1.6
2025-08-12,29.2,80,977.9,5.9,3.9
2025-08-13,30.3,74,977.0,5.9,0.0
2025-08-14,27.8,88,979.7,4.9,8.2
2025-08-15,28.4,86,978.6,3.8,4.6
2025-08-16,28.6,87,977.5,4.8,4.1
2025-08-17,29.0,86,978.4,6.1,3.6
2025-08-18,29.2,83,979.9,8.2,9.0
2025-08-19,29.2,82,978.6,7.3,5.4
2025-08-20,29.3,79,978.0,9.6,5.6
2025-08-21,29.7,78,978.1,6.5,13.8
2025-08-22,30.3,75,975.9,4.1,3.3
2025-08-23,28.3,84,975.8,5.2,13.2
2025-08-24,27.6,87,976.7,8.2,11.8
2025-08-25,26.6,89,976.0,11.8,19.7
2025-08-26,27.2,89,978.5,11.5,6.7
2025-08-27,28.4,86,978.5,5.6,1.4
2025-08-28,28.6,86,978.0,5.3,15.5
2025-08-29,27.9,88,979.1,8.0,12.6
2025-08-30,28.4,84,980.7,7.9,3.8
2025-08-31,26.7,90,978.8,8.5,13.1
2025-09-01,25.4,92,975.5,11.0,31.5
2025-09-02,25.0,93,976.8,12.9,21.7
2025-09-03,26.2,89,979.7,7.5,14.7
2025-09-04,27.1,87,980.1,5.8,17.7
2025-09-05,27.6,85,980.1,9.9,4.8
2025-09-06,27.7,85,980.6,10.2,13.3
2025-09-07,28.0,85,980.3,7.7,2.3
2025-09-08,28.6,81,981.2,3.8,0.7
2025-09-09,29.0,76,982.5,7.5,0.4
2025-09-10,29.2,73,981.6,11.0,0.0
2025-09-11,28.9,69,981.2,10.1,0.0
2025-09-12,29.4,67,982.5,7.6,0.2
2025-09-13,30.8,60,982.7,6.1,0.9
2025-09-14,31.9,57,982.2,6.4,0.2
2025-09-15,32.3,54,980.5,7.4,0.0
2025-09-16,31.7,56,980.7,6.6,0.1
2025-09-17,31.2,61,981.3,5.1,0.2
2025-09-18,30.2,67,981.5,5.3,1.6
2025-09-19,31.1,62,982.1,6.3,0.7
2025-09-20,31.5,56,981.5,8.3,0.0
2025-09-21,31.2,53,980.6,9.3,0.0
2025-09-22,31.6,51,981.1,10.0,0.0
2025-09-23,31.5,47,980.8,10.6,0.0
2025-09-24,31.0,50,979.3,9.9,0.0
2025-09-25,31.1,52,980.2,8.8,0.0
2025-09-26,31.6,52,981.4,8.5,0.0
2025-09-27,32.6,54,983.1,3.9,0.1
2025-09-28,32.3,60,982.5,8.7,0.0
2025-09-29,32.0,58,981.0,6.5,0.2
2025-09-30,30.6,64,979.2,4.3,8.0
2025-10-01,28.3,74,979.4,4.3,2.8
2025-10-02,28.4,72,983.1,5.7,1.0
2025-10-03,29.1,71,985.9,5.2,0.0
2025-10-04,30.3,60,983.9,6.9,0.1
2025-10-05,29.2,60,982.8,7.3,0.7
2025-10-06,24.0,85,984.9,5.9,14.6
2025-10-07,23.4,87,985.3,6.2,5.2
2025-10-08,22.7,86,986.8,4.6,0.2
2025-10-09,23.8,75,988.6,6.8,0.4
2025-10-10,23.5,68,987.5,4.7,0.0
2025-10-11,23.9,68,987.2,5.8,0.0
2025-10-12,25.2,63,986.8,6.2,0.0
2025-10-13,25.8,59,987.7,3.4,0.0
2025-10-14,26.4,52,986.9,3.2,0.0
2025-10-15,26.7,49,986.9,2.7,0.0
2025-10-16,26.1,51,986.8,4.1,0.0
2025-10-17,26.5,54,988.0,4.2,0.0
2025-10-18,27.2,53,987.5,3.0,0.0
2025-10-19,27.9,52,986.9,2.3,0.0
2025-10-20,28.1,49,987.2,3.9,0.0
2025-10-21,26.9,57,988.6,4.4,0.4
2025-10-22,27.6,53,988.8,4.5,0.0
2025-10-23,26.6,42,988.3,5.9,0.0
2025-10-24,25.9,46,987.9,3.8,0.0
2025-10-25,25.7,45,987.4,3.3,0.0
2025-10-26,25.5,46,988.3,3.7,0.0
2025-10-27,24.2,56,988.8,6.2,0.0
2025-10-28,23.3,72,990.2,4.2,0.0
2025-10-29,24.8,66,988.2,4.0,0.0
2025-10-30,24.5,74,987.4,3.7,0.1
2025-10-31,25.3,75,986.5,4.6,0.1
2025-11-01,25.1,62,986.7,6.4,0.0
2025-11-02,23.7,59,986.7,7.8,0.0
2025-11-03,23.5,53,984.8,7.5,0.0
2025-11-04,23.4,60,984.9,5.5,0.0
2025-11-05,23.9,62,985.4,6.8,0.0
2025-11-06,20.7,49,988.1,8.8,0.0
2025-11-07,20.3,47,989.5,8.2,0.0
2025-11-08,20.0,45,990.5,7.1,0.0
2025-11-09,20.1,46,989.1,7.0,0.0
2025-11-10,20.1,46,988.9,5.6,0.0
2025-11-11,20.1,47,989.8,6.8,0.0
2025-11-12,20.4,48,990.7,7.6,0.0
2025-11-13,19.3,52,992.1,6.7,0.0
2025-11-14,19.2,50,992.0,6.5,0.0
2025-11-15,19.3,50,992.9,6.5,0.0
2025-11-16,19.1,50,994.5,6.7,0.0
2025-11-17,19.0,50,994.0,4.5,0.0
2025-11-18,19.4,58,992.0,4.1,0.0
2025-11-19,19.7,63,991.8,3.2,0.0
2025-11-20,20.0,64,992.4,3.5,0.0
2025-11-21,20.3,61,993.5,3.0,0.0
2025-11-22,20.3,57,991.8,3.7,0.0
2025-11-23,19.3,56,992.0,4.1,0.0
2025-11-24,18.4,58,993.4,4.1,0.0
2025-11-25,17.4,58,993.3,5.7,0.0
2025-11-26,17.3,57,993.4,3.6,0.0
2025-11-27,18.1,55,994.8,2.1,0.0
2025-11-28,18.0,60,992.9,5.1,0.0
2025-11-29,19.0,54,991.3,7.3,0.0
2025-11-30,17.3,49,990.3,7.4,0.0
2025-12-01,16.9,49,990.0,3.6,0.0
2025-12-02,18.3,57,990.1,4.2,0.0
2025-12-03,16.2,55,993.1,6.1,0.0
2025-12-04,15.2,56,994.0,7.1,0.0
2025-12-05,15.0,56,995.4,5.2,0.0
2025-12-06,16.2,53,994.2,9.4,0.0
2025-12-07,17.0,56,993.6,8.7,0.0
2025-12-08,18.0,53,993.5,9.5,0.0
2025-12-09,17.5,54,993.0,9.9,0.0
2025-12-10,17.5,57,992.8,7.6,0.0
2025-12-11,17.3,60,991.7,5.7,0.0
2025-12-12,17.2,63,991.0,3.6,0.0
2025-12-13,17.8,66,992.1,2.4,0.0
2025-12-14,17.7,70,993.3,2.0,0.0
2025-12-15,16.6,72,992.7,5.6,0.0
2025-12-16,17.0,69,991.9,9.5,0.0
2025-12-17,17.0,70,992.7,8.1,0.0
2025-12-18,16.4,74,993.6,5.4,0.0
2025-12-19,15.7,78,991.3,5.8,0.0
2025-12-20,15.0,78,990.1,4.0,0.0
2025-12-21,14.4,84,992.3,4.3,0.0
2025-12-22,15.4,83,992.2,3.2,0.0
2025-12-23,16.5,81,990.5,7.9,0.0
2025-12-24,15.8,69,990.5,8.8,0.0
2025-12-25,14.7,64,991.5,5.4,0.0
2025-12-26,15.2,67,992.0,4.7,0.0
2025-12-27,14.8,77,991.8,4.8,0.0
2025-12-28,14.6,78,992.4,4.3,0.0
2025-12-29,14.1,81,992.2,3.3,0.0
2025-12-30,14.2,79,989.5,4.6,0.0
2025-12-31,13.2,84,987.7,6.6,0.0
2026-01-01,13.3,90,989.8,5.5,1.6
2026-01-02,14.0,78,992.9,7.4,0.0
2026-01-03,13.2,77,993.7,3.9,0.0
2026-01-04,12.4,79,994.8,5.0,0.0
2026-01-05,12.4,79,995.9,5.4,0.0
2026-01-06,12.0,85,995.8,5.8,0.0
2026-01-07,10.8,89,996.9,6.2,0.0
2026-01-08,10.1,88,997.1,4.7,0.0
2026-01-09,11.4,83,996.0,3.5,0.7
2026-01-10,11.3,81,994.7,6.1,0.0
2026-01-11,10.6,76,996.6,7.8,0.0
2026-01-12,10.6,70,996.6,5.0,0.0
2026-01-13,11.1,75,995.1,4.6,0.0
2026-01-14,10.7,76,992.2,6.6,0.0
2026-01-15,11.1,76,992.3,6.5,0.0
2026-01-16,12.6,68,991.1,4.4,0.0
2026-01-17,14.4,70,989.5,2.7,0.0
2026-01-18,14.8,77,987.6,4.2,0.0
2026-01-19,17.2,61,989.7,3.6,0.0
2026-01-20,17.2,61,990.9,6.0,0.0
2026-01-21,16.3,65,992.6,5.4,0.0
2026-01-22,17.4,61,991.2,5.8,0.0
2026-01-23,15.2,83,990.4,12.4,23.9
2026-01-24,12.1,69,996.9,9.2,0.0
2026-01-25,10.8,74,994.5,7.4,0.0
2026-01-26,12.4,77,994.2,3.0,0.0
2026-01-27,14.4,83,992.8,8.6,12.3
2026-01-28,14.3,85,994.7,5.4,7.6
2026-01-29,13.4,86,994.9,6.8,0.0
2026-01-30,13.8,82,993.7,4.5,0.0
2026-01-31,14.1,87,993.8,5.5,0.0
2026-02-01,16.1,83,993.9,5.8,13.2
2026-02-02,15.2,89,994.6,5.2,0.0
2026-02-03,14.6,82,995.6,4.1,0.0
2026-02-04,15.0,77,996.3,6.3,0.0
2026-02-05,15.3,72,994.8,8.5,0.0
2026-02-06,16.3,68,993.8,9.2,0.0
2026-02-07,17.5,68,991.6,9.5,0.0
2026-02-08,16.7,62,990.5,7.5,0.0
2026-02-09,17.0,61,990.3,4.7,0.0
2026-02-10,18.8,60,991.4,4.9,0.0
2026-02-11,20.5,58,993.9,7.0,0.0
2026-02-12,18.9,54,993.1,7.9,0.0
2026-02-13,19.0,53,991.1,5.7,0.0
2026-02-14,19.8,52,990.0,6.4,0.0
2026-02-15,20.8,53,989.2,6.1,0.0
2026-02-16,21.9,50,988.6,4.7,0.0
2026-02-17,21.9,54,989.8,7.9,0.0
2026-02-18,18.9,73,991.0,4.0,0.9
2026-02-19,19.8,67,992.3,3.3,0.0
2026-02-20,21.0,64,993.3,5.4,0.0
2026-02-21,20.8,62,988.7,7.0,0.0
2026-02-22,21.6,55,985.3,5.6,0.0
2026-02-23,22.3,53,985.4,4.1,0.0
2026-02-24,22.4,52,987.4,4.6,0.0
2026-02-25,22.2,48,988.3,5.8,0.0
2026-02-26,22.5,45,986.0,7.7,0.0
2026-02-27,23.7,42,983.6,5.8,0.0
2026-02-28,25.9,41,983.1,5.8,0.0
2026-03-01,23.9,46,984.6,9.0,0.0
2026-03-02,23.9,44,986.7,10.2,0.0
2026-03-03,24.6,41,987.1,12.1,0.0
2026-03-04,25.9,43,987.9,11.3,0.0
2026-03-05,27.2,47,985.5,11.6,0.0
2026-03-06,27.0,46,985.4,6.1,0.0
2026-03-07,27.6,53,987.2,4.1,0.0
2026-03-08,28.3,47,987.4,5.7,0.0
2026-03-09,28.0,49,987.5,6.9,0.0
2026-03-10,28.6,51,989.6,3.7,0.0
2026-03-11,28.7,39,987.7,7.3,0.0
2026-03-12,28.3,33,984.2,8.0,0.0
2026-03-13,27.0,44,984.6,9.2,0.0
2026-03-14,26.8,35,984.3,6.8,0.0
2026-03-15,23.1,56,984.9,11.3,2.6
2026-03-16,23.3,50,983.9,11.1,0.3
2026-03-17,24.2,50,984.5,5.8,0.0
2026-03-18,24.1,57,986.6,5.5,3.7
2026-03-19,22.1,66,987.4,8.0,3.4
2026-03-20,18.0,86,986.6,5.1,2.8
2026-03-21,19.7,77,988.4,5.0,0.0
2026-03-22,21.7,66,988.1,6.7,0.0
2026-03-23,21.9,70,987.2,5.3,9.6
2026-03-24,23.5,64,986.1,6.5,0.0
2026-03-25,24.9,50,985.6,5.8,0.0
2026-03-26,27.7,43,987.2,6.3,0.0
2026-03-27,25.7,49,984.4,7.6,0.6
2026-03-28,27.1,44,981.4,5.5,0.0
2026-03-29,28.1,47,981.7,7.7,0.0
2026-03-30,26.9,50,984.0,8.2,0.2
2026-03-31,26.2,54,985.6,4.9,0.3
2026-04-01,26.4,51,985.9,4.4,0.0
2026-04-02,28.3,47,985.0,4.7,0.0
2026-04-03,25.8,54,985.5,8.9,0.4
2026-04-04,24.5,64,985.3,4.7,2.3
2026-04-05,24.3,57,984.1,5.3,0.9
2026-04-06,25.9,39,984.5,6.5,0.0
2026-04-07,22.7,57,983.6,8.6,8.4
2026-04-08,20.4,73,983.9,6.6,4.1
2026-04-09,22.6,61,988.2,6.2,0.0
2026-04-10,24.8,43,988.4,12.5,0.0
2026-04-11,27.6,33,986.2,10.3,0.0
2026-04-12,28.6,31,983.7,9.1,0.0
2026-04-13,28.6,28,984.5,9.1,0.0
2026-04-14,30.7,25,983.5,7.1,0.0
2026-04-15,31.7,22,981.0,8.1,0.0
2026-04-16,33.0,22,981.8,5.6,0.0
2026-04-17,32.5,25,983.6,7.7,0.0
2026-04-18,32.7,29,982.7,6.1,0.0
2026-04-19,33.5,22,981.4,8.0,0.0
2026-04-20,33.0,22,981.3,9.8,0.0
2026-04-21,32.8,18,980.9,11.1,0.0
2026-04-22,33.5,21,980.4,9.5,0.0
2026-04-23,34.2,18,981.1,9.0,0.0
2026-04-24,34.8,23,980.5,6.6,0.0
2026-04-25,35.7,23,981.9,9.3,0.0
2026-04-26,35.5,23,979.9,9.8,0.0
2026-04-27,35.6,22,977.5,10.2,0.0
2026-04-28,33.2,31,978.3,7.5,0.0
2026-04-29,31.9,37,978.0,5.8,0.0
2026-04-30,30.8,41,979.0,8.4,0.9
2026-05-01,29.2,49,979.5,8.3,0.0
2026-05-02,31.4,42,977.7,8.1,2.3
2026-05-03,30.6,44,978.5,11.9,0.0
2026-05-04,25.5,65,982.2,11.6,5.5
2026-05-05,26.0,66,985.0,5.9,1.3
2026-05-06,28.6,48,983.0,4.8,0.0
2026-05-07,27.1,50,983.3,13.1,0.1
